IE_sum_2_9_scaled,IE_mean_2_9_scaled,IE_count_2_9_scaled,IE_abs_sum_2_9_scaled,IE_min_2_9_scaled,IE_max_2_9_scaled,sample_id,peptide,subtype,best_model_path,DOPE,cluster_kmeans,pca1,pca2
-0.592455296695136,0.08691892365914905,3.165031103348248,0.6096011367586038,0.7293375248448284,0.4989959433928176,LLMHLVSLY__HLA_A_03_01,LLMHLVSLY,HLA_A_03_01,/opt/experiments/pep_hla_dynamics/models/HLA-A/HLA-A03.01/HLA_A_03_01_LLMHLVSLY/HLA_A_03_01_LLMHLVSLY.BL00010001.pdb,-2423.83521,0,1.0924593281653279,0.6900240663467961
-0.45943766282002596,-0.10799233006765484,1.4997955155958316,-0.36214148707912464,1.2368070798713575,1.6993910378253048,FPYSIPATL__HLA_B_51_01,FPYSIPATL,HLA_B_51_01,/opt/experiments/pep_hla_dynamics/models/HLA-B/HLA-B51.01/HLA_B_51_01_FPYSIPATL/HLA_B_51_01_FPYSIPATL.BL00070001.pdb,-2360.65283,0,0.8718657099249926,-0.13575066386212759
-0.40650847259451184,-0.20969215665825916,0.7596908099280909,2.2953105649645247,0.40364128203016136,0.5905570719835408,NPIINTHSF__HLA_B_35_01,NPIINTHSF,HLA_B_35_01,/opt/experiments/pep_hla_dynamics/models/HLA-B/HLA-B35.01/HLA_B_35_01_NPIINTHSF/HLA_B_35_01_NPIINTHSF.BL00100001.pdb,-1899.09729,0,0.6594130626896614,1.676411615313899
-0.40337536477804137,-0.14963200470393528,1.0372300745534937,-0.03940409489961304,0.3049346259626872,1.8260790415274102,ILAAWLAPR__HLA_A_31_01,ILAAWLAPR,HLA_A_31_01,/opt/experiments/pep_hla_dynamics/models/HLA-A/HLA-A31.01/HLA_A_31_01_ILAAWLAPR/HLA_A_31_01_ILAAWLAPR.BL00030001.pdb,-2190.44849,0,0.7473814458651937,0.6110822893186535
-0.37295817896188954,-0.35760091081146816,-0.07292698394811739,0.8540088021959837,-0.9071798678657653,2.401166921266285,IYKGVYQFK__HLA_A_31_01,IYKGVYQFK,HLA_A_31_01,/opt/experiments/pep_hla_dynamics/models/HLA-A/HLA-A31.01/HLA_A_31_01_IYKGVYQFK/HLA_A_31_01_IYKGVYQFK.BL00090001.pdb,-1933.88293,0,0.5819040963961156,1.978763750413658
-2.5270154211546068,-2.157526680311032,0.8522038981365585,1.0498256440809792,0.11698506262232668,-0.9429366437787228,SPVLRLFFL__HLA_B_07_02,SPVLRLFFL,HLA_B_07_02,/opt/experiments/pep_hla_dynamics/models/HLA-B/HLA-B07.02/HLA_B_07_02_SPVLRLFFL/HLA_B_07_02_SPVLRLFFL.BL00020001.pdb,-2309.4751,1,-2.612318484589081,1.4072982878319993
-2.4531044698146,-2.340840217819047,0.019586104260350203,1.7911357090984101,-0.8817531692971702,0.9152333532637456,LPFHRWHTM__HLA_B_51_01,LPFHRWHTM,HLA_B_51_01,/opt/experiments/pep_hla_dynamics/models/HLA-B/HLA-B51.01/HLA_B_51_01_LPFHRWHTM/HLA_B_51_01_LPFHRWHTM.BL00100001.pdb,-2343.88428,1,-2.151611763395724,2.9607200742295534
-2.398481395698098,-2.435558042495032,-0.44297933678198775,2.106059252607287,-2.3778295580629325,-0.2341567159242838,SPRWYFYYL__HLA_B_07_02,SPRWYFYYL,HLA_B_07_02,/opt/experiments/pep_hla_dynamics/models/HLA-B/HLA-B07.02/HLA_B_07_02_SPRWYFYYL/HLA_B_07_02_SPRWYFYYL.BL00080001.pdb,-2502.57129,1,-2.8855729442864173,3.671600364453864
-2.259816141734312,-2.21166466651114,-0.16544007215658496,1.7565906571606085,-0.727110939969163,-1.088955423043961,SMKYLMLLF__HLA_B_15_01,SMKYLMLLF,HLA_B_15_01,/opt/experiments/pep_hla_dynamics/models/HLA-B/HLA-B15.01/HLA_B_15_01_SMKYLMLLF/HLA_B_15_01_SMKYLMLLF.BL00080001.pdb,-2393.88818,1,-2.804739579928974,2.142743486916216
-2.2367775391904643,-2.2763859258840715,-0.44297933678198775,1.3154619670856775,-2.9505870504000833,-0.6334593883805323,ILQYDLWNV__HLA_A_02_01,ILQYDLWNV,HLA_A_02_01,/opt/experiments/pep_hla_dynamics/models/HLA-A/HLA-A02.01/HLA_A_02_01_ILQYDLWNV/HLA_A_02_01_ILQYDLWNV.BL00020001.pdb,-2311.18896,1,-3.099161745561886,3.318780079996223
