IE_sum_2_9_scaled,IE_mean_2_9_scaled,IE_count_2_9_scaled,IE_abs_sum_2_9_scaled,IE_min_2_9_scaled,IE_max_2_9_scaled,sample_id,peptide,subtype,best_model_path,DOPE,pca1,pca2,kmeans_cluster,agglo_cluster,agglo_cluster_k3,hierarchical_cluster_k3,dbscan_cluster,dbscan_cluster_A,PC1,PC2,rank_in_cluster,dbscan_cluster_B
-0.7680928025025832,-0.9730411565765265,-0.9980578660327932,0.31738443425383633,-0.4488639392304663,-0.19520460011653262,FLNISWFYI__HLA_A_02_01,FLNISWFYI,HLA_A_02_01,/opt/experiments/pep_hla_dynamics/models/HLA-A/HLA-A02.01/HLA_A_02_01_FLNISWFYI/HLA_A_02_01_FLNISWFYI.BL00030001.pdb,-2803.69727,-2.22658266258328,1.1403354041229679,1,0,1,3,0,0.0,-1.3801749275975266,0.6185638128207235,1,
-0.5391221018133803,-0.7650208859392017,-1.090570954241261,0.10168849360335337,-0.4482252894232407,0.1971941087138207,FLVPFVVFL__HLA_A_68_02,FLVPFVVFL,HLA_A_68_02,/opt/experiments/pep_hla_dynamics/models/HLA-A/HLA-A68.02/HLA_A_68_02_FLVPFVVFL/HLA_A_68_02_FLVPFVVFL.BL00020001.pdb,-2774.80396,-2.00633013100359,1.2438963428440193,1,0,1,3,0,0.0,-1.0640337663713337,0.49712844555056657,2,
-1.1512274907072788,-1.3085899242258163,-0.8130316896158581,0.7127171716187073,0.6276429235750233,0.6253573666261294,RLFYTFFSY__HLA_A_03_01,RLFYTFFSY,HLA_A_03_01,/opt/experiments/pep_hla_dynamics/models/HLA-A/HLA-A03.01/HLA_A_03_01_RLFYTFFSY/HLA_A_03_01_RLFYTFFSY.BL00060001.pdb,-2751.23755,-2.3915650981321694,0.7634835673971897,1,0,1,3,0,0.0,-1.1793927782919966,0.6531828848102444,3,
-1.8110040419677158,-2.1157047259113853,-1.2755971306581961,1.4269368227388182,-0.25132671980577714,1.133792507106805,IMFEQYFIY__HLA_A_03_01,IMFEQYFIY,HLA_A_03_01,/opt/experiments/pep_hla_dynamics/models/HLA-A/HLA-A03.01/HLA_A_03_01_IMFEQYFIY/HLA_A_03_01_IMFEQYFIY.BL00080001.pdb,-2741.24463,-2.8379183371626366,0.2767718594993993,1,0,1,3,0,0.0,-2.029074457235671,1.988568396701295,4,
-0.5984166388418197,-0.8015277513870286,-0.9980578660327932,-0.3389811504498967,-0.1428445694753772,0.8743239253172292,YLYALIYFL__HLA_A_02_01,YLYALIYFL,HLA_A_02_01,/opt/experiments/pep_hla_dynamics/models/HLA-A/HLA-A02.01/HLA_A_02_01_YLYALIYFL/HLA_A_02_01_YLYALIYFL.BL00080001.pdb,-2734.80371,-1.9674830695697043,1.1211941429698806,1,1,0,1,0,0.0,-0.8681148654591285,0.27146803733085356,5,
2.070434376086932,2.22668323259752,2.0548740448466374,0.6772332481980166,-0.3694077306030896,1.0631254353452364,GTHVLLPFY__HLA_A_03_01,GTHVLLPFY,HLA_A_03_01,/opt/experiments/pep_hla_dynamics/models/HLA-A/HLA-A03.01/HLA_A_03_01_GTHVLLPFY/HLA_A_03_01_GTHVLLPFY.BL00010001.pdb,-1964.84399,1.4745001634710404,1.453536211194576,0,1,0,1,0,1.0,3.8218635308156648,0.6785537956091604,1,
2.3917494972818623,2.532198643129563,2.33241330947204,0.5008740440487923,0.6671080544386765,1.212328026717214,AVSLIAIIK__HLA_A_11_01,AVSLIAIIK,HLA_A_11_01,/opt/experiments/pep_hla_dynamics/models/HLA-A/HLA-A11.01/HLA_A_11_01_AVSLIAIIK/HLA_A_11_01_AVSLIAIIK.BL00070001.pdb,-1834.01575,1.9658926825160024,1.4165518943390392,0,1,0,1,0,1.0,4.474424330061201,-0.07976827307809112,2,
2.492016885533064,2.5978975476381914,2.0548740448466374,0.9104697658315266,-0.1433191080318305,1.3576348751060052,MSYSMCTGK__HLA_A_03_01,MSYSMCTGK,HLA_A_03_01,/opt/experiments/pep_hla_dynamics/models/HLA-A/HLA-A03.01/HLA_A_03_01_MSYSMCTGK/HLA_A_03_01_MSYSMCTGK.BL00010001.pdb,-1527.02527,2.6567146240740427,0.8675294531095774,0,1,0,1,0,1.0,4.45838669066705,0.6344147851749062,3,
2.304315739234452,2.5305897469117262,3.257544191556716,0.7249540003566867,0.9077992829221126,0.7280867445687227,TTAFFNTCK__HLA_A_11_01,TTAFFNTCK,HLA_A_11_01,/opt/experiments/pep_hla_dynamics/models/HLA-A/HLA-A11.01/HLA_A_11_01_TTAFFNTCK/HLA_A_11_01_TTAFFNTCK.BL00020001.pdb,-1466.85681,2.6454912396442674,0.6133033307708787,0,1,0,1,0,1.0,4.694090951374184,-0.02328264076002677,4,
2.51787356463473,2.6134527127905622,1.9623609566381697,1.0064740071623697,-0.2052055266065453,0.988288841274774,STQSVLCVK__HLA_A_11_01,STQSVLCVK,HLA_A_11_01,/opt/experiments/pep_hla_dynamics/models/HLA-A/HLA-A11.01/HLA_A_11_01_STQSVLCVK/HLA_A_11_01_STQSVLCVK.BL00010001.pdb,-1447.13892,2.8363168093522724,0.7244941340948521,0,1,0,1,0,1.0,4.3190667680918065,0.5935789178063369,5,
-0.3120821730142553,-0.2783712214801485,0.019586104260350203,1.0088461474938755,-0.3606116311941764,1.9551970088039845,VAFLRFLTI__HLA_B_51_01,VAFLRFLTI,HLA_B_51_01,/opt/experiments/pep_hla_dynamics/models/HLA-B/HLA-B51.01/HLA_B_51_01_VAFLRFLTI/HLA_B_51_01_VAFLRFLTI.BL00060001.pdb,-2861.39722,-2.020651029700464,1.579300188048837,0,1,0,1,0,,0.6822699200227997,1.6327891835559638,1,0.0
-0.49659425004073404,-0.541607841942144,-0.35046624857352016,0.10561916114440714,0.4317899864850757,0.8669026943159406,IAFLRFLAI__HLA_B_51_01,IAFLRFLAI,HLA_B_51_01,/opt/experiments/pep_hla_dynamics/models/HLA-B/HLA-B51.01/HLA_B_51_01_IAFLRFLAI/HLA_B_51_01_IAFLRFLAI.BL00050001.pdb,-2837.49658,-2.1028569380157927,1.4005666146116906,1,1,0,1,0,,-0.2731521928191527,0.27672734501611473,2,0.0
-0.898208086533733,-1.0797243846273838,-0.9055447778243257,-0.23531953914954162,-0.2374491033548497,0.9119482634870167,MAFIAFLRF__HLA_B_53_01,MAFIAFLRF,HLA_B_53_01,/opt/experiments/pep_hla_dynamics/models/HLA-B/HLA-B53.01/HLA_B_53_01_MAFIAFLRF/HLA_B_53_01_MAFIAFLRF.BL00080001.pdb,-2794.80029,-2.30062191771022,1.0303638599010283,1,1,0,1,0,,-1.0692178972931432,0.6625314991477652,3,0.0
-0.8077886738237283,-0.689868987386028,0.29712536888575297,0.46899068456102205,0.18733474453511043,-0.05917109637606406,FVHSGFIYF__HLA_B_35_01,FVHSGFIYF,HLA_B_35_01,/opt/experiments/pep_hla_dynamics/models/HLA-B/HLA-B35.01/HLA_B_35_01_FVHSGFIYF/HLA_B_35_01_FVHSGFIYF.BL00010001.pdb,-2789.82959,-2.226648139152264,1.084262441099371,1,0,1,3,0,,-0.7495998859714538,0.4770316711975668,4,0.0
-0.6868866090338188,-0.7736144442738224,-0.5354924249904554,0.3932102386499379,-0.024051750843384758,0.7668337327989609,MPYVFTLLF__HLA_B_51_01,MPYVFTLLF,HLA_B_51_01,/opt/experiments/pep_hla_dynamics/models/HLA-B/HLA-B51.01/HLA_B_51_01_MPYVFTLLF/HLA_B_51_01_MPYVFTLLF.BL00090001.pdb,-2782.96143,-2.1272882287808,1.155883870472708,1,1,0,1,0,,-0.5778579588907694,0.7929131048052732,5,0.0
1.1163481940317572,1.1817044133994914,0.5746646335111557,-0.8157580579462775,-2.3217278963076406,-0.057161553091341216,LPVPLFPGF__HLA_B_51_01,LPVPLFPGF,HLA_B_51_01,/opt/experiments/pep_hla_dynamics/models/HLA-B/HLA-B51.01/HLA_B_51_01_LPVPLFPGF/HLA_B_51_01_LPVPLFPGF.BL00040001.pdb,-2560.35132,-0.40268024563672994,1.9814350019671523,0,1,0,1,0,,1.016226795582892,0.42382855918352363,1,1.0
1.6213550556700806,1.5963658404068632,0.11209919246881779,-0.7527175257668508,-1.342965760370816,-0.2919850228721954,NPDNTIAVI__HLA_B_35_01,NPDNTIAVI,HLA_B_35_01,/opt/experiments/pep_hla_dynamics/models/HLA-B/HLA-B35.01/HLA_B_35_01_NPDNTIAVI/HLA_B_35_01_NPDNTIAVI.BL00100001.pdb,-1677.43896,1.7373253820459498,0.5556169271048628,0,1,0,1,0,,1.4732860984113412,-0.43233153143028613,2,1.0
0.7230936004411432,0.9013111627550087,1.1297431627619612,-0.17281784232821826,-2.4813125765173685,-0.22978301779922833,SPRRARRAL__HLA_B_07_02,SPRRARRAL,HLA_B_07_02,/opt/experiments/pep_hla_dynamics/models/HLA-B/HLA-B07.02/HLA_B_07_02_SPRRARRAL/HLA_B_07_02_SPRRARRAL.BL00020001.pdb,-1332.88635,1.797932012531989,-0.7753232359229326,0,1,0,1,0,,0.7949434085588507,1.042636298307689,3,1.0
1.3361834044910088,1.4261010036480666,0.8522038981365585,-0.07063588883315546,-1.7990625621733707,-0.1576512438788964,RPRWGAAAS__HLA_B_07_02,RPRWGAAAS,HLA_B_07_02,/opt/experiments/pep_hla_dynamics/models/HLA-B/HLA-B07.02/HLA_B_07_02_RPRWGAAAS/HLA_B_07_02_RPRWGAAAS.BL00050001.pdb,-1228.13721,2.4429774757882075,-0.5533287833391676,0,1,0,1,0,,1.5336024952190448,0.459101656539724,4,1.0
