IE_sum_2_9_scaled,IE_mean_2_9_scaled,IE_count_2_9_scaled,IE_abs_sum_2_9_scaled,IE_min_2_9_scaled,IE_max_2_9_scaled,sample_id,peptide,subtype,best_model_path,DOPE,pca1,pca2,kmeans_cluster,rank_in_cluster
-0.3120821730142553,-0.2783712214801485,0.019586104260350203,1.0088461474938755,-0.3606116311941764,1.9551970088039845,VAFLRFLTI__HLA_B_51_01,VAFLRFLTI,HLA_B_51_01,/opt/experiments/pep_hla_dynamics/models/HLA-B/HLA-B51.01/HLA_B_51_01_VAFLRFLTI/HLA_B_51_01_VAFLRFLTI.BL00060001.pdb,-2861.39722,-2.020651029700464,1.579300188048837,0,1
0.632098417900171,0.6636138109082146,0.20461228067728537,2.6201302421796275,-0.5815119655482204,3.306652537228592,VLFEVFVVF__HLA_B_15_01,VLFEVFVVF,HLA_B_15_01,/opt/experiments/pep_hla_dynamics/models/HLA-B/HLA-B15.01/HLA_B_15_01_VLFEVFVVF/HLA_B_15_01_VLFEVFVVF.BL00040001.pdb,-2828.09399,-1.2857635489479002,2.1796857042968982,0,2
-0.1442424590614437,0.07087173081780085,0.9447169863450261,1.0197115582388154,-1.1170089540652368,1.4985877083968362,MIAGVFFTF__HLA_B_35_01,MIAGVFFTF,HLA_B_35_01,/opt/experiments/pep_hla_dynamics/models/HLA-B/HLA-B35.01/HLA_B_35_01_MIAGVFFTF/HLA_B_35_01_MIAGVFFTF.BL00040001.pdb,-2783.05884,-1.7437775757540175,1.539787933879278,0,3
0.6126321825053685,0.6124157131439987,0.019586104260350203,1.3464293575636055,-1.183403488926253,0.34017992823393534,MPYVFTLLF__HLA_B_53_01,MPYVFTLLF,HLA_B_53_01,/opt/experiments/pep_hla_dynamics/models/HLA-B/HLA-B53.01/HLA_B_53_01_MPYVFTLLF/HLA_B_53_01_MPYVFTLLF.BL00030001.pdb,-2781.84912,-1.2061435323069416,2.072536273552263,0,4
0.5425023999452342,0.44183409280424296,-0.5354924249904554,0.2563641093778639,0.09417557600883318,1.002991220626665,FPFCLAFSY__HLA_B_53_01,FPFCLAFSY,HLA_B_53_01,/opt/experiments/pep_hla_dynamics/models/HLA-B/HLA-B53.01/HLA_B_53_01_FPFCLAFSY/HLA_B_53_01_FPFCLAFSY.BL00030001.pdb,-2774.03101,-1.2399452520988214,2.007159503721325,0,5
0.6495664682937554,0.27218271456105514,-1.9231887481174692,1.5479404236499044,-3.0971884875215294,1.0880744205202797,ILFLWSFLV__HLA_A_02_01,ILFLWSFLV,HLA_A_02_01,/opt/experiments/pep_hla_dynamics/models/HLA-A/HLA-A02.01/HLA_A_02_01_ILFLWSFLV/HLA_A_02_01_ILFLWSFLV.BL00010001.pdb,-2941.95288,-1.5033330797129603,2.421958788836782,1,1
-0.5201466782515793,-0.5646907195504856,-0.35046624857352016,1.1646708880625671,-1.5486795427557167,1.5532175651316886,YVYFYDLSY__HLA_B_35_01,YVYFYDLSY,HLA_B_35_01,/opt/experiments/pep_hla_dynamics/models/HLA-B/HLA-B35.01/HLA_B_35_01_YVYFYDLSY/HLA_B_35_01_YVYFYDLSY.BL00030001.pdb,-2861.39502,-2.1677704097010797,1.4321719228943819,1,2
-0.49659425004073404,-0.541607841942144,-0.35046624857352016,0.10561916114440714,0.4317899864850757,0.8669026943159406,IAFLRFLAI__HLA_B_51_01,IAFLRFLAI,HLA_B_51_01,/opt/experiments/pep_hla_dynamics/models/HLA-B/HLA-B51.01/HLA_B_51_01_IAFLRFLAI/HLA_B_51_01_IAFLRFLAI.BL00050001.pdb,-2837.49658,-2.1028569380157927,1.4005666146116906,1,3
-0.7680928025025832,-0.9730411565765265,-0.9980578660327932,0.31738443425383633,-0.4488639392304663,-0.19520460011653262,FLNISWFYI__HLA_A_02_01,FLNISWFYI,HLA_A_02_01,/opt/experiments/pep_hla_dynamics/models/HLA-A/HLA-A02.01/HLA_A_02_01_FLNISWFYI/HLA_A_02_01_FLNISWFYI.BL00030001.pdb,-2803.69727,-2.22658266258328,1.1403354041229679,1,4
-0.898208086533733,-1.0797243846273838,-0.9055447778243257,-0.23531953914954162,-0.2374491033548497,0.9119482634870167,MAFIAFLRF__HLA_B_53_01,MAFIAFLRF,HLA_B_53_01,/opt/experiments/pep_hla_dynamics/models/HLA-B/HLA-B53.01/HLA_B_53_01_MAFIAFLRF/HLA_B_53_01_MAFIAFLRF.BL00080001.pdb,-2794.80029,-2.30062191771022,1.0303638599010283,1,5
