IE_sum_2_9_scaled,IE_mean_2_9_scaled,IE_count_2_9_scaled,IE_abs_sum_2_9_scaled,IE_min_2_9_scaled,IE_max_2_9_scaled,sample_id,peptide,subtype,best_model_path,DOPE,pca1,pca2,kmeans_cluster,agglo_cluster,agglo_cluster_k3,hierarchical_cluster_k3,dbscan_cluster,gmm_cluster,rank_score
0.6495664682937554,0.27218271456105514,-1.9231887481174692,1.5479404236499044,-3.0971884875215294,1.0880744205202797,ILFLWSFLV__HLA_A_02_01,ILFLWSFLV,HLA_A_02_01,/opt/experiments/pep_hla_dynamics/models/HLA-A/HLA-A02.01/HLA_A_02_01_ILFLWSFLV/HLA_A_02_01_ILFLWSFLV.BL00010001.pdb,-2941.95288,-1.5033330797129603,2.421958788836782,1,0,1,3,0,0,-2945.0500684875215
-0.7680928025025832,-0.9730411565765265,-0.9980578660327932,0.31738443425383633,-0.4488639392304663,-0.19520460011653262,FLNISWFYI__HLA_A_02_01,FLNISWFYI,HLA_A_02_01,/opt/experiments/pep_hla_dynamics/models/HLA-A/HLA-A02.01/HLA_A_02_01_FLNISWFYI/HLA_A_02_01_FLNISWFYI.BL00030001.pdb,-2803.69727,-2.22658266258328,1.1403354041229679,1,0,1,3,0,0,-2804.1461339392304
-0.5391221018133803,-0.7650208859392017,-1.090570954241261,0.10168849360335337,-0.4482252894232407,0.1971941087138207,FLVPFVVFL__HLA_A_68_02,FLVPFVVFL,HLA_A_68_02,/opt/experiments/pep_hla_dynamics/models/HLA-A/HLA-A68.02/HLA_A_68_02_FLVPFVVFL/HLA_A_68_02_FLVPFVVFL.BL00020001.pdb,-2774.80396,-2.00633013100359,1.2438963428440193,1,0,1,3,0,0,-2775.2521852894233
-1.1512274907072788,-1.3085899242258163,-0.8130316896158581,0.7127171716187073,0.6276429235750233,0.6253573666261294,RLFYTFFSY__HLA_A_03_01,RLFYTFFSY,HLA_A_03_01,/opt/experiments/pep_hla_dynamics/models/HLA-A/HLA-A03.01/HLA_A_03_01_RLFYTFFSY/HLA_A_03_01_RLFYTFFSY.BL00060001.pdb,-2751.23755,-2.3915650981321694,0.7634835673971897,1,0,1,3,0,0,-2750.609907076425
-1.8110040419677158,-2.1157047259113853,-1.2755971306581961,1.4269368227388182,-0.25132671980577714,1.133792507106805,IMFEQYFIY__HLA_A_03_01,IMFEQYFIY,HLA_A_03_01,/opt/experiments/pep_hla_dynamics/models/HLA-A/HLA-A03.01/HLA_A_03_01_IMFEQYFIY/HLA_A_03_01_IMFEQYFIY.BL00080001.pdb,-2741.24463,-2.8379183371626366,0.2767718594993993,1,0,1,3,0,0,-2741.495956719806
0.2632508067253256,0.32881441500465686,0.29712536888575297,-2.149524533687871,1.152536611680635,-1.0937249270083604,FAAELTIGV__HLA_A_02_01,FAAELTIGV,HLA_A_02_01,/opt/experiments/pep_hla_dynamics/models/HLA-A/HLA-A02.01/HLA_A_02_01_FAAELTIGV/HLA_A_02_01_FAAELTIGV.BL00080001.pdb,-2019.67456,0.08590612273334058,0.2863867384432732,1,0,2,2,0,1,-2018.5220233883192
0.37944877580608044,0.14825733979516242,-1.1830840424497284,0.2249573588426846,0.8125692808619817,0.7357528512448046,MLINRFTMK__HLA_A_03_01,MLINRFTMK,HLA_A_03_01,/opt/experiments/pep_hla_dynamics/models/HLA-A/HLA-A03.01/HLA_A_03_01_MLINRFTMK/HLA_A_03_01_MLINRFTMK.BL00070001.pdb,-2017.21399,0.17303925439940704,0.36358235057141985,1,1,0,1,0,1,-2016.401420719138
1.1234040250147623,1.0755220413815179,-0.16544007215658496,-1.4439689941227165,1.09189289095063,0.633587841849398,FANNEFTLV__HLA_A_68_02,FANNEFTLV,HLA_A_68_02,/opt/experiments/pep_hla_dynamics/models/HLA-A/HLA-A68.02/HLA_A_68_02_FANNEFTLV/HLA_A_68_02_FANNEFTLV.BL00100001.pdb,-2016.1759,0.7011913263208951,0.8875418818795054,0,1,0,1,0,1,-2015.0840071090493
-1.704133275388796,-1.5678302513243756,0.20461228067728537,0.4387888852002585,0.9016675197832823,-0.784178997552891,DTMRIYCSL__HLA_A_68_02,DTMRIYCSL,HLA_A_68_02,/opt/experiments/pep_hla_dynamics/models/HLA-A/HLA-A68.02/HLA_A_68_02_DTMRIYCSL/HLA_A_68_02_DTMRIYCSL.BL00020001.pdb,-2015.4585,-1.2967307889058601,-1.1132776012402597,1,0,1,3,0,1,-2014.5568324802166
-0.02446464612458429,0.19898848015900283,1.0372300745534937,1.3067694287106917,0.8560409671210187,2.4063520535289062,YTFAISYCR__HLA_A_11_01,YTFAISYCR,HLA_A_11_01,/opt/experiments/pep_hla_dynamics/models/HLA-A/HLA-A11.01/HLA_A_11_01_YTFAISYCR/HLA_A_11_01_YTFAISYCR.BL00040001.pdb,-2014.33337,-0.10675367620234691,0.07215544185430146,0,1,0,1,0,1,-2013.477329032879
