IE_sum_2_9_scaled,IE_mean_2_9_scaled,IE_count_2_9_scaled,IE_abs_sum_2_9_scaled,IE_min_2_9_scaled,IE_max_2_9_scaled,sample_id,peptide,subtype,best_model_path,DOPE,pca1,pca2,kmeans_cluster,agglo_cluster,agglo_cluster_k3,rank_in_cluster
-0.3120821730142553,-0.2783712214801485,0.019586104260350203,1.0088461474938755,-0.3606116311941764,1.9551970088039845,VAFLRFLTI__HLA_B_51_01,VAFLRFLTI,HLA_B_51_01,/opt/experiments/pep_hla_dynamics/models/HLA-B/HLA-B51.01/HLA_B_51_01_VAFLRFLTI/HLA_B_51_01_VAFLRFLTI.BL00060001.pdb,-2861.39722,-2.020651029700464,1.579300188048837,0,1,0,1
-0.5201466782515793,-0.5646907195504856,-0.35046624857352016,1.1646708880625671,-1.5486795427557167,1.5532175651316886,YVYFYDLSY__HLA_B_35_01,YVYFYDLSY,HLA_B_35_01,/opt/experiments/pep_hla_dynamics/models/HLA-B/HLA-B35.01/HLA_B_35_01_YVYFYDLSY/HLA_B_35_01_YVYFYDLSY.BL00030001.pdb,-2861.39502,-2.1677704097010797,1.4321719228943819,1,1,0,2
-0.49659425004073404,-0.541607841942144,-0.35046624857352016,0.10561916114440714,0.4317899864850757,0.8669026943159406,IAFLRFLAI__HLA_B_51_01,IAFLRFLAI,HLA_B_51_01,/opt/experiments/pep_hla_dynamics/models/HLA-B/HLA-B51.01/HLA_B_51_01_IAFLRFLAI/HLA_B_51_01_IAFLRFLAI.BL00050001.pdb,-2837.49658,-2.1028569380157927,1.4005666146116906,1,1,0,3
0.632098417900171,0.6636138109082146,0.20461228067728537,2.6201302421796275,-0.5815119655482204,3.306652537228592,VLFEVFVVF__HLA_B_15_01,VLFEVFVVF,HLA_B_15_01,/opt/experiments/pep_hla_dynamics/models/HLA-B/HLA-B15.01/HLA_B_15_01_VLFEVFVVF/HLA_B_15_01_VLFEVFVVF.BL00040001.pdb,-2828.09399,-1.2857635489479002,2.1796857042968982,0,1,0,4
-0.898208086533733,-1.0797243846273838,-0.9055447778243257,-0.23531953914954162,-0.2374491033548497,0.9119482634870167,MAFIAFLRF__HLA_B_53_01,MAFIAFLRF,HLA_B_53_01,/opt/experiments/pep_hla_dynamics/models/HLA-B/HLA-B53.01/HLA_B_53_01_MAFIAFLRF/HLA_B_53_01_MAFIAFLRF.BL00080001.pdb,-2794.80029,-2.30062191771022,1.0303638599010283,1,1,0,5
0.6495664682937554,0.27218271456105514,-1.9231887481174692,1.5479404236499044,-3.0971884875215294,1.0880744205202797,ILFLWSFLV__HLA_A_02_01,ILFLWSFLV,HLA_A_02_01,/opt/experiments/pep_hla_dynamics/models/HLA-A/HLA-A02.01/HLA_A_02_01_ILFLWSFLV/HLA_A_02_01_ILFLWSFLV.BL00010001.pdb,-2941.95288,-1.5033330797129603,2.421958788836782,1,0,1,1
-0.7680928025025832,-0.9730411565765265,-0.9980578660327932,0.31738443425383633,-0.4488639392304663,-0.19520460011653262,FLNISWFYI__HLA_A_02_01,FLNISWFYI,HLA_A_02_01,/opt/experiments/pep_hla_dynamics/models/HLA-A/HLA-A02.01/HLA_A_02_01_FLNISWFYI/HLA_A_02_01_FLNISWFYI.BL00030001.pdb,-2803.69727,-2.22658266258328,1.1403354041229679,1,0,1,2
-0.8077886738237283,-0.689868987386028,0.29712536888575297,0.46899068456102205,0.18733474453511043,-0.05917109637606406,FVHSGFIYF__HLA_B_35_01,FVHSGFIYF,HLA_B_35_01,/opt/experiments/pep_hla_dynamics/models/HLA-B/HLA-B35.01/HLA_B_35_01_FVHSGFIYF/HLA_B_35_01_FVHSGFIYF.BL00010001.pdb,-2789.82959,-2.226648139152264,1.084262441099371,1,0,1,3
-0.5391221018133803,-0.7650208859392017,-1.090570954241261,0.10168849360335337,-0.4482252894232407,0.1971941087138207,FLVPFVVFL__HLA_A_68_02,FLVPFVVFL,HLA_A_68_02,/opt/experiments/pep_hla_dynamics/models/HLA-A/HLA-A68.02/HLA_A_68_02_FLVPFVVFL/HLA_A_68_02_FLVPFVVFL.BL00020001.pdb,-2774.80396,-2.00633013100359,1.2438963428440193,1,0,1,4
-0.8073292504563263,-0.5830428452663841,0.7596908099280909,-0.38449225404867043,0.5777435466607005,-0.5974226528415592,LPVFTWLAL__HLA_B_51_01,LPVFTWLAL,HLA_B_51_01,/opt/experiments/pep_hla_dynamics/models/HLA-B/HLA-B51.01/HLA_B_51_01_LPVFTWLAL/HLA_B_51_01_LPVFTWLAL.BL00100001.pdb,-2755.48755,-2.156974571280521,1.0152385959846795,1,0,1,5
0.6877197253465306,0.7167403208307219,0.20461228067728537,0.45002913904636543,1.014743466972676,-0.6601430666784968,WMIRILIGF__HLA_B_15_01,WMIRILIGF,HLA_B_15_01,/opt/experiments/pep_hla_dynamics/models/HLA-B/HLA-B15.01/HLA_B_15_01_WMIRILIGF/HLA_B_15_01_WMIRILIGF.BL00060001.pdb,-2602.18066,-0.7902345517523781,1.7628171144489417,0,0,2,1
0.28493443990898903,-0.1137017602388124,-1.9231887481174692,-1.0432221009089415,0.725074916353358,0.02151698894947031,FTLIDIWFL__HLA_A_02_01,FTLIDIWFL,HLA_A_02_01,/opt/experiments/pep_hla_dynamics/models/HLA-A/HLA-A02.01/HLA_A_02_01_FTLIDIWFL/HLA_A_02_01_FTLIDIWFL.BL00010001.pdb,-2600.70288,-1.0720625987562236,1.4750207480626976,1,0,2,2
0.9530174039106893,0.7831921589699148,-0.9055447778243257,-0.5916178050506253,0.49402440000119036,0.3801008065894655,ILIEGIFFV__HLA_A_02_01,ILIEGIFFV,HLA_A_02_01,/opt/experiments/pep_hla_dynamics/models/HLA-A/HLA-A02.01/HLA_A_02_01_ILIEGIFFV/HLA_A_02_01_ILIEGIFFV.BL00100001.pdb,-2556.83179,-0.5110653809320882,1.8588355187201828,0,0,2,3
-0.8056222693961962,-1.1622428276292984,-1.5531363952835988,-0.3025353387498957,0.969138663994251,-0.2517656093567285,FLNISWFYI__HLA_A_68_02,FLNISWFYI,HLA_A_68_02,/opt/experiments/pep_hla_dynamics/models/HLA-A/HLA-A68.02/HLA_A_68_02_FLNISWFYI/HLA_A_68_02_FLNISWFYI.BL00020001.pdb,-2532.9834,-1.7064530982320187,0.567131158702127,1,0,2,4
-0.11255114856160262,-0.1451994222805818,-0.25795316036505256,-0.895945812587836,0.9097310502956718,0.36843514494811797,FILGIIITV__HLA_A_02_01,FILGIIITV,HLA_A_02_01,/opt/experiments/pep_hla_dynamics/models/HLA-A/HLA-A02.01/HLA_A_02_01_FILGIIITV/HLA_A_02_01_FILGIIITV.BL00060001.pdb,-2513.16162,-1.1763506350550252,1.0171792742985377,1,0,2,5
